data_index_,temperature,solar_ghi,solar_prediction_mw,wind_prediction_mw,load_actuals_mw
2020-01-01,274.91902027959406,42.663103918787904,11.56251079843412,29.24246407581611,92.92455986735598
2020-01-02,278.02068583170575,19.33299452429249,3.1633787365818935,100.04462839279508,107.04372931473428
2020-01-03,281.06625207265216,10.933115034470879,1.1980609167147225,143.0332580513029,108.11637868622041
2020-01-04,278.4805625279744,33.50331042365482,6.980235096224991,103.77567946998992,103.16022926169514
2020-01-05,278.00460688273114,38.83425325628681,6.731682001210071,43.81243502411133,102.30845410788159
2020-01-06,277.46395047505695,46.251786152902916,11.108945997892802,98.09195613864101,115.00431811551921
2020-01-07,279.7809832890828,32.52154066635902,6.57113036581735,115.39486654259785,118.56091485891595
2020-01-08,283.0460739135742,10.916804430139337,1.344258217541883,91.18103775274743,119.03374708284711
2020-01-09,283.9029785792033,12.509106453880577,1.7308001997663307,154.75320851377313,116.00894359287157
2020-01-10,279.9871908823649,33.08614012187294,6.122366983267614,78.7281535037809,116.63645088575369
2020-01-11,277.6031144460042,40.180109704614246,8.956193212638999,130.97675279045103,105.75132491778932
2020-01-12,279.11910820007324,24.415181476123205,2.6862345089816615,158.38506709199535,101.07306652434492
2020-01-13,280.34360758463544,29.724817204657786,8.614434030168368,139.96512978933762,113.66038466638382
2020-01-14,282.83654594421387,12.859623742095815,1.2216454382341284,201.40313209027434,115.45310517662033
2020-01-15,282.40319697062176,32.23430304483433,5.396347744674635,175.39779484785115,115.46227398695244
2020-01-16,280.2175769805908,48.23900851195989,11.513417399490935,135.08357605998495,115.43351649517344
2020-01-17,281.3367687861125,25.998269304906646,3.126524000646763,132.1120472980567,115.6922651691949
2020-01-18,277.4107723236084,48.70711373687735,10.035625756295508,89.73064585594317,107.51553364007638
2020-01-19,276.8817669550578,53.89523575697907,13.132077230810957,92.37100475114237,104.93446675771715
2020-01-20,275.81605497996014,36.26475637130352,11.671318536020529,7.347797547862645,122.61026837806305
2020-01-21,273.98685518900555,56.05328907060417,14.62201198076401,8.907006222758419,126.10402805770663
2020-01-22,274.65072695414227,36.76147254771786,4.466553319856739,5.093713176671197,128.11264784661083
2020-01-23,276.2283868789673,52.763420254166704,8.859555271600984,8.908103788445533,125.67377923782756
2020-01-24,274.782564163208,56.60375037156822,8.235797291940495,5.204882861204477,126.5975174366182
2020-01-25,275.3474063873291,41.91441955859773,5.290929073855991,15.41790993419874,115.00839251617695
2020-01-26,278.40251636505127,49.693963625468314,11.246595040266214,109.77522046801955,104.22966983133556
2020-01-27,280.44042682647705,23.72019363070528,5.829302473868686,134.47430362749847,116.32379727113612
2020-01-28,278.04951604207355,51.45816251542419,13.466134912686988,169.6756292783111,115.66418054524239
2020-01-29,277.6666653951009,61.786570585643254,15.421175100665542,162.14072421993814,117.83633877426547
2020-01-30,280.67944526672363,37.44777346650759,4.620492869958898,163.86597400393717,115.79354811976238
2020-01-31,283.44723574320477,27.478170552601416,3.656582835221464,167.18001185809968,110.79189164103109
2020-02-01,283.2870098749797,33.261658042669296,5.389542715048715,175.74797318032392,98.38156929564018
2020-02-02,282.7205425898234,20.79573900749286,2.6705870157100833,141.3608491953527,98.4844064919911
2020-02-03,282.3579969406128,47.75749619553486,5.909088390081576,150.74856860970917,112.32860904847782
2020-02-04,278.49383576711017,47.15464093784491,7.12085879226722,151.9587788352457,115.4417284130689
2020-02-05,277.91802883148193,62.26569984356562,17.71744473826959,13.134383363450546,121.4717185345285
2020-02-06,276.7335201899211,79.50057444969814,17.25042411226555,5.236115464788338,120.83463330062584
2020-02-07,277.4883327484131,92.0263839662075,27.505644507208284,85.89186184677283,116.23953438262441
2020-02-08,280.89661439259845,49.742299596468605,5.43554797521437,111.16786669011064,104.81635760316118
2020-02-09,282.3407624562581,25.988676528135937,4.006858491894598,163.81148672735767,97.2183284714119
2020-02-10,280.5711085001628,68.24828467766444,14.716956406083739,204.7808150347182,107.76617972313566
2020-02-11,278.2906850179036,77.15578888415133,22.849985526068732,199.3050323825781,112.90690344224038
2020-02-12,277.6878032684326,73.61382600733957,20.786716842961752,163.16314095640996,114.61631795640177
2020-02-13,278.93979326883954,46.3501057709315,7.944828894099992,170.1320656888673,115.27007047576107
2020-02-14,280.3197781244914,75.47189244215625,16.455247024492838,105.48592690300329,113.83580931102158
2020-02-15,282.8127565383911,70.75241750773723,10.265244570319837,179.54051537513922,102.04591843905796
2020-02-16,285.26560974121094,36.71182733411464,5.091955102125973,192.95711717567374,95.69307348573244
2020-02-17,280.8852262496948,74.18627373078441,20.170352303311013,183.9333574029489,108.44853194282383
2020-02-18,279.7039499282837,74.35716200890602,16.37897283334377,182.73559082838983,111.03144498514905
2020-02-19,278.98041502634686,77.36554320539993,21.198767499113305,150.16662556283168,113.55344714649408
2020-02-20,280.65297985076904,46.04756918282707,8.651270837245207,179.57270148891368,112.5811824413917
2020-02-21,279.0385735829671,84.06366750628513,17.401632683282777,162.9164562084462,112.7004626339239
2020-02-22,281.06485652923584,47.857388772376,5.027449941061108,195.80771477823907,101.01109167815851
2020-02-23,282.61446475982666,21.344896186936158,2.648297487534163,163.98272755390363,97.8944794871115
2020-02-24,281.3400185902913,29.017254246315513,3.387560047255431,135.79040836248467,111.54412518563701
2020-02-25,279.8250551223755,83.83030510454167,20.94942632377793,149.29985147603392,110.9056908348361
2020-02-26,276.5711421966553,85.7637369333873,14.733174380880849,154.69856015166604,117.41329989657362
2020-02-27,275.45752207438153,25.47545410495756,4.530275291564957,113.30595267114086,119.99056287790388
2020-02-28,276.80656401316327,58.872335678199306,10.473837065260478,136.63734193531937,115.31093395300731
2020-02-29,281.0144166946411,60.17839736429354,13.144750070413723,195.94306640726293,100.58797165057814
2020-03-01,279.29007116953534,94.75181222536291,19.02095427541675,163.79417415661385,97.45244477299241
2020-03-02,278.4502108891805,40.99993528580914,8.5267428699589,101.72021757367203,111.14664063328742
2020-03-03,277.2711690266927,102.34147759589057,26.739161828983327,113.43503054325237,113.27424757345922
2020-03-04,278.2426045735677,99.87249707678954,24.435638926269018,67.94661483994939,114.1837867959054
2020-03-05,279.4602591196696,28.046629616369803,4.082039807222883,92.24473078113277,115.2188795481065
2020-03-06,278.7147792180379,60.56831477582455,13.751993606028266,117.77646759528182,111.53899809059085
2020-03-07,278.82984097798663,104.09958214312792,29.301275857482626,78.629223521978,98.65709232788798
2020-03-08,280.9913164774577,48.60771158337593,9.248972481275166,160.1830326117398,93.34642947119977
2020-03-09,280.11060937245685,121.7920861740907,26.06424143560535,123.15787494684001,107.09244517078601
2020-03-10,283.1085599263509,36.10140514373779,4.391770526903257,193.9160494915653,107.77519525034474
2020-03-11,284.5574229558309,64.0322298804919,11.145293820804904,147.56108866576076,107.51340458258197
2020-03-12,281.68771998087567,116.86311202247937,33.89048834579021,186.72730206745018,103.90689840352178
2020-03-13,279.63015206654865,107.69763762730531,24.91935935724636,119.32766433367567,106.43206428344119
2020-03-14,279.7223154703776,94.6040204219089,21.945990151775757,81.85479270177476,96.57512205632754
2020-03-15,282.27907594045,104.64373099638033,19.408033182704234,134.31947098844827,91.7293037949507
2020-03-16,281.6477944056193,116.32927236648781,27.40853451960263,12.020530472372341,107.23062877903895
2020-03-17,281.2223711013794,168.86323698359774,45.4527130828408,81.38472612638775,104.0739319242601
2020-03-18,282.8077697753906,144.04733804613352,43.029462582481166,107.25774877818345,101.35208914553947
2020-03-19,282.64717896779376,75.51193615840748,22.012851359310332,52.17881476232707,104.40153064336481
2020-03-20,280.53014914194745,62.12348821940774,10.78314100759921,127.17998033942898,101.26108292669987
2020-03-21,278.7378622690837,124.38445262988292,34.528438734611335,161.26811331127402,91.015934284502
2020-03-22,277.87677669525146,204.32127582262424,54.45666188458372,160.6525386836537,87.65582734433012
2020-03-23,277.41390228271484,209.41667832049373,55.07290884854742,120.40685637021515,96.09215511297333
2020-03-24,277.6488463083903,209.17262042745278,56.237319987803744,62.21810727134265,99.06549041317491
2020-03-25,277.5251293182373,213.3834708504534,56.09178895508228,55.61712539891638,97.77264532725148
2020-03-26,278.0029691060384,212.24549557059072,55.75712499371125,82.4958398486797,95.16810696669147
2020-03-27,280.0686314900716,200.1898000917087,52.911158150128756,105.06927985001089,94.85365114829744
2020-03-28,281.00793329874676,202.72138317395002,53.414083104001854,143.35335532775972,86.61670752890633
2020-03-29,277.48419189453125,183.68445146796495,42.84380349463133,167.7730940631679,86.70064214259689
2020-03-30,276.4674475987752,181.27415719504157,42.121624201248814,70.85027944677255,98.12092148880872
2020-03-31,277.4679485956828,200.6704019194241,53.94112247627687,57.31875991888555,97.58988901559347
2020-04-01,277.15801334381104,213.28269375231653,54.743000502965664,8.63241528537001,94.16961957674768
2020-04-02,278.3136552174886,157.60786382617758,33.996652297189804,51.3068401844956,94.8326468521269
2020-04-03,280.2404244740804,141.07414172321054,35.674037524366476,40.611474983663015,92.32496088363212
2020-04-04,281.29444058736163,186.40286969288718,49.77035089022319,25.65938979188925,85.4221135435451
2020-04-05,284.7147744496663,236.4356116549267,56.59479534769782,88.89922061114164,78.99939853611964
2020-04-06,286.30635833740234,202.04196898639202,48.05744982070447,96.8819786058931,90.4876056804922
2020-04-07,286.2812697092692,197.9567183799421,50.49462634601952,31.749199249881567,93.25090928980586
2020-04-08,288.04077021280926,223.6555401980877,50.73478919744401,15.627721480718897,93.6543177840246
2020-04-09,287.59497515360516,219.8413863031592,56.00554532684949,49.83756474287829,91.97404847777658
2020-04-10,286.78286870320636,232.9815118425055,58.13989188844065,50.89853028696049,91.04897694123262
2020-04-11,287.2743253707886,236.95177808468966,58.479898638083604,29.51128446110413,84.62674319772991
2020-04-12,287.4953660964966,213.62060851960754,49.50677440035026,18.87032186243392,81.3947640421131
2020-04-13,282.3429841995239,222.49641319892058,48.403157282317494,137.50173958668287,78.05385581309007
2020-04-14,279.5295235315959,166.2072913798814,47.56470470963506,33.485767317639436,93.77663433488912
2020-04-15,282.1496884028117,256.29425974402596,61.413973650332004,17.999569587357076,93.35584623952475
2020-04-16,286.4979263941447,234.70134736208215,57.86882303426421,32.87287365241459,92.32205864803227
2020-04-17,287.0581229527791,246.40150791192718,55.19698077263866,87.2892385386089,89.0170423384958
2020-04-18,285.8464008967082,126.6044588867644,36.97306690485872,40.24809315367835,86.41754654184787
2020-04-19,285.4577277501424,208.67448321469905,48.62650303343028,85.87703315544171,81.71952364219798
2020-04-20,286.37890338897705,264.7453592591919,65.83630096110745,163.08702811820376,85.03099700328839
2020-04-21,287.3622709910075,272.8270406865825,65.8751065218751,162.6789883428244,85.79186399437782
2020-04-22,288.0840078989665,279.9634769981106,66.76083428453785,126.96056686539009,89.13035914129632
2020-04-23,288.17786407470703,279.4826483434687,66.66184549311485,49.57360812536087,91.13377857483822
2020-04-24,286.866247177124,271.2158591250579,63.18587421347855,23.6837771224254,90.608929272303
2020-04-25,283.70231978098553,251.56113232081694,61.25398724082936,24.496122234381314,84.48776386973584
2020-04-26,283.7452704111735,282.6654026602749,65.67024736529379,9.476202616251939,81.2122286384852
2020-04-27,286.5046199162801,260.72025884906094,52.45168076534177,14.76033222648079,90.362137808953
2020-04-28,285.68844477335614,128.14678448463943,20.106091813961864,90.37563438934497,96.1482195422722
2020-04-29,285.3375012079875,174.94399568958093,35.9328905671785,53.90257871615242,94.91448426063435
2020-04-30,284.03539276123047,206.7623890388301,51.480686639355376,149.54374830985412,90.71543173862308
2020-05-01,283.2978874842326,194.66477606074963,38.70840434791675,126.91211703845624,82.3798729712528
2020-05-02,282.8776607513428,219.96971483097877,48.01037822758025,87.60511724084854,84.03283083165375
2020-05-03,283.3337869644165,139.3423035814582,46.55132171821413,15.766396913007021,84.42984088257136
2020-05-04,284.8230323791504,164.98028107916795,29.61422141956197,36.719262890179216,95.13875888405646
2020-05-05,283.5348342259725,267.2162925789078,64.55469947149514,116.1083644468993,94.45715279251085
2020-05-06,284.25387318929035,303.16484038376194,67.17894078817066,44.734866072415635,96.7465320356423
2020-05-07,285.9155019124349,291.93935842719026,65.26806213580595,11.501947600800726,97.2452409303066
2020-05-08,288.49480024973553,246.197601391753,59.338303702661285,7.324496953060289,96.06839622891698
2020-05-09,290.16719913482666,266.91221346003357,57.562531923987024,37.84847167230474,86.36124993370107
2020-05-10,288.16287485758465,132.7707949611528,20.78410361353474,79.64111532832624,83.89409382624378
2020-05-11,282.0261770884196,271.82291735625284,53.94526730149794,172.37625049535094,90.80801925320885
2020-05-12,280.91111755371094,223.25754064501962,44.62187503257548,22.712889817795908,99.45624628725994
2020-05-13,281.8378807703654,238.12292861499978,45.70158987970521,83.73248413601443,97.41306002704994
2020-05-14,281.7127513885498,280.92803471907973,64.85325390124153,84.52634777972234,96.95936227060565
2020-05-15,282.7031946182251,308.8867730244597,62.813213403383706,27.385903992060776,97.41636124960222
2020-05-16,284.08022085825604,261.37129961515103,50.045288084664996,22.784973476402595,89.49412929617053
2020-05-17,285.48541768391925,271.3248449855535,49.95765999781093,17.69314992380525,85.98897707383048
2020-05-18,287.65623633066815,305.45636509452805,61.99917738598722,56.66114392899601,95.00635607828578
2020-05-19,288.77880636850995,288.5706827408394,60.52914171383597,23.315861317471896,97.01919791556169
2020-05-20,290.70277945200604,285.9634285352974,57.571571624396704,9.378562327902761,97.06632345921285
2020-05-21,292.4677988688151,298.1117757943818,62.88610107785806,28.94754164561958,84.97909150578127
2020-05-22,292.07506370544434,152.2233426052359,27.025463776500057,121.3181261660943,86.41593030656628
2020-05-23,287.4232676823934,223.1712773074008,52.894911121014076,145.52415090897952,80.88161046727485
2020-05-24,286.7883024215698,159.77478234295268,41.14384478228008,97.98227409021253,81.75592274848842
2020-05-25,288.5860373179118,258.71509118684725,55.08044193222211,12.27867725782229,94.92568632650892
2020-05-26,289.32182788848877,313.7735414092119,68.20706419197133,11.945105975335352,97.65664606979949
2020-05-27,289.56822363535565,310.9687014913652,63.88421430507345,34.0439692512505,97.0894331441604
2020-05-28,288.58997599283856,331.9721410662557,71.75677537761517,83.55032839853256,94.98930445793997
2020-05-29,289.0310745239258,336.38301376765594,71.91199762068571,66.712064091182,94.77906876524878
2020-05-30,290.74273649851483,313.7284104116261,69.99851292856324,80.25635101544816,84.71378321576324
2020-05-31,290.2176345189412,301.6101567928369,68.13832989336088,93.52966317624966,80.71043379388988
2020-06-01,291.93909009297687,321.1051348621647,69.04217777621416,76.18984276541032,81.92505827675826
2020-06-02,292.7829116185506,316.9725222410634,68.35691147804151,20.239955271724437,96.74363768961491
2020-06-03,290.2939809163411,262.31912756654725,56.96196191794102,33.54699726982977,99.02076104540153
2020-06-04,286.14667956034344,110.23022350858479,20.638613300184506,90.24254204530189,99.94578411742862
2020-06-05,284.17835966746014,144.72763540497294,30.46582634914678,86.9538330807681,98.11940669088791
2020-06-06,285.1791801452637,231.33920989860576,56.83153777194027,144.12946830987119,84.54903316272411
2020-06-07,286.368111928304,225.81778226903137,57.437238418759314,71.4927984903915,84.41662246738093
2020-06-08,286.3552055358887,219.3429053333676,40.37688058344018,54.23385793760533,98.60792225787628
2020-06-09,286.30161539713544,183.98107969440034,40.73610687629652,19.44194598718977,101.66816345337861
2020-06-10,286.98878447214764,200.78122868241948,39.341142657222385,11.063858335161667,101.68780848891481
2020-06-11,288.92970689137775,217.99079032554678,48.70008938773884,67.56572063143001,100.67164169407026
2020-06-12,290.96099376678467,208.49043402456937,42.414477919025124,54.82415334321485,99.56102995385596
2020-06-13,291.5933548609416,284.96494700383363,60.4401698877318,22.229032411682965,88.0220658083165
2020-06-14,290.86657969156903,219.26634441471893,55.34499568700423,29.586402170529983,81.47423683303276
2020-06-15,291.04523754119873,251.20523735709745,55.878460169288324,9.866007307808095,95.60384354778824
2020-06-16,290.79083792368573,244.14777909536255,47.02594670909301,5.073600006462945,97.76744948021638
2020-06-17,290.0704625447591,176.72764565973435,38.6728192568118,9.43391726278856,99.46810206057067
2020-06-18,289.85420989990234,251.8227458533705,43.2714985249815,17.762257224895276,97.51356416410312
2020-06-19,289.6528488794963,270.5877925368356,53.54939721388509,50.699021479946985,95.83151744987804
2020-06-20,289.7004607518514,264.7906988705411,55.97632591960294,23.873244055363656,86.82950169725255
2020-06-21,290.93446763356525,205.9696410738543,34.60539834620717,70.46816748431458,81.60934688925427
2020-06-22,289.75106652577716,293.7659005855676,65.80739665806857,24.312203639830134,96.53737946854777
2020-06-23,292.22148005167645,335.26995810894005,70.02496759397195,15.725877260118331,99.22954280258831
2020-06-24,295.60120519002277,333.33652551236446,69.53195037318488,57.59663701364193,100.04040263339344
2020-06-25,296.3594757715861,334.5623335122946,68.27665359737729,60.67060311207944,101.57019637742656
2020-06-26,296.4113435745239,257.52819795771694,54.62548439763999,56.60131781418002,103.55721226264986
2020-06-27,293.8476718266805,236.18857276123404,42.40589468234162,93.48244007529331,89.42141448764191
2020-06-28,290.67991097768146,221.6335996495424,52.184520970801934,134.39602185369253,82.70441166330752
2020-06-29,289.40662988026935,240.15315137327707,56.937815330810686,143.22939919459765,94.50225522435557
2020-06-30,289.7278521855672,136.10400836983658,32.7872784214696,133.1375076109714,99.61810650259893
2020-07-01,291.3856283823649,177.43812437503706,19.674500747933415,114.81834599135664,101.80780437838128
2020-07-02,289.88606357574463,219.66501154714933,42.26959839624315,87.82457045846108,101.04403627877372
2020-07-03,289.7029225031535,247.60008281522823,50.858983279648896,90.84838360401181,97.70246081733319
2020-07-04,290.87738100687665,126.30259403824675,15.55300815169236,146.9628875855278,86.17563308846927
2020-07-05,291.7727295557658,169.95255693485282,26.4971535530746,165.32365177382397,80.21178801580567
2020-07-06,288.2597328821818,248.4317395082944,54.317686670627864,102.80552123886203,94.25436034793677
2020-07-07,288.3739773432414,214.07304991573847,50.17827755105233,33.93660778368514,99.60064913281002
2020-07-08,288.82550017038983,89.76726761724505,9.090966098028794,59.237347451047405,103.41991904900817
2020-07-09,291.8892189661662,191.14767684480634,23.859067650186052,102.90809927470418,97.73210419539622
2020-07-10,289.3275677363078,185.10913729013987,38.17078648976869,39.94079785727771,97.92958019518404
2020-07-11,287.8660186131795,265.2373204872691,55.40868078358404,9.975408377510982,87.17586970934552
2020-07-12,288.76610469818115,292.24170962702846,60.43115939160549,7.507197470266188,82.33716107987696
2020-07-13,290.47980244954425,316.83538711914775,65.27213407292744,13.611925977563365,94.07137411159438
2020-07-14,289.6848103205363,167.60177490451437,16.306886590361824,23.25848671141408,100.10594018510658
2020-07-15,289.0273167292277,166.90510662652136,37.39679268171916,9.045768353070835,99.73750503871861
2020-07-16,289.1882594426473,125.37874755098225,14.880079822997779,27.451902062530717,101.27925373925962
2020-07-17,290.87658309936523,182.7886280089468,38.39083397181307,3.2423761133703075,98.5461480322478
2020-07-18,292.56748390197754,252.56778988530115,55.17405576664475,23.20471961011417,87.31979354513629
2020-07-19,291.55899079640704,261.4465035483534,49.42961119189835,28.775643711721912,81.60122964622893
2020-07-20,290.27919642130536,290.8368905461562,59.75303904912608,28.972794178925014,86.84609797655666
2020-07-21,288.9485149383545,296.8847500080398,61.73956574256499,15.218846784768537,82.31986600986527
2020-07-22,289.1301488876343,284.25810774728114,58.84914189625878,7.961078704247008,90.61369570117746
2020-07-23,291.1293528874715,282.0012673665522,52.93192502944825,46.6917015538287,91.55173769491886
2020-07-24,291.6922836303711,223.74483475724992,39.06323294868185,42.12290639823325,92.03484890474168
2020-07-25,292.60162385304767,161.39650700022807,29.82075007036308,99.94952682293389,82.91065072398433
2020-07-26,291.65553919474286,244.78776226115346,48.83632995329975,113.28855802068819,78.2100794924154
2020-07-27,293.5060583750407,228.28344195874524,40.431363102125495,89.90006826488563,88.31500676249073
2020-07-28,291.64078108469647,221.19131722178767,48.0754885021526,88.7500581984193,88.81836148827831
2020-07-29,290.1062641143799,278.28174531278574,57.711931296973866,30.296177070736963,90.92495173437999
2020-07-30,292.7113396326701,295.2397949714711,60.66718038225394,10.321031250478342,92.45574181871224
2020-07-31,298.10290654500324,300.34622762580545,62.76923648247176,59.55994341519166,92.78301593826245
2020-08-01,295.9782133102417,261.0125903182973,48.3735950188156,76.27036386608437,86.98180087779785
2020-08-02,291.8041591644287,239.46586481900886,50.84798904942093,43.63217876173322,82.47590259361408
2020-08-03,289.5177806218465,182.15504199654484,37.61614793445289,17.34713507518279,92.61597114670627
2020-08-04,290.1749318440755,266.4209954687394,57.08488218455042,18.110291744689746,92.6908274106291
2020-08-05,293.6269276936849,290.59283971437253,61.20276227184124,49.312038877181884,93.71966711307952
2020-08-06,295.8442980448405,270.0768096090178,59.323359693425466,13.339071059685319,96.67477411955025
2020-08-07,298.43180084228516,287.317324337809,60.77675621019275,16.43484827804962,97.48334484724722
2020-08-08,299.9639078776042,275.569555394078,56.31798506218013,25.858341645874688,90.39451097910258
2020-08-09,300.41688537597656,241.87215838493378,47.172455006723574,51.78722562235635,87.4014889413387
2020-08-10,299.8468157450358,221.0086311729342,47.554239831232856,35.14222524393375,102.42798338548853
2020-08-11,299.9135913848877,221.71990468973914,50.43033045887148,27.24669948526022,105.54949612814261
2020-08-12,299.6780201594035,240.0452468858954,50.78422220862705,24.847363351174476,106.10384566935399
2020-08-13,298.259534517924,228.1018848005915,41.273561856959695,9.385358787142815,106.3928407101941
2020-08-14,294.90897432963055,188.0638919713674,36.59688983848917,10.433448539628923,102.55221935663523
2020-08-15,294.59971141815186,213.09316724097698,36.618604778434495,2.87003910295986,90.50821098971043
2020-08-16,295.14079825083417,197.90383476149205,39.99334482596867,14.905704741932793,88.77961016229983
2020-08-17,292.7596909205119,208.76786167771175,42.60423018888576,21.91592358712308,100.42485924737458
2020-08-18,292.28620020548504,214.8443355115096,42.03814949025863,53.31278158468076,103.17103684894454
2020-08-19,293.76830673217773,162.2820119379321,32.83447217270747,43.97417419897715,103.03636860878329
2020-08-20,296.73895104726154,176.16544942837209,36.57279548581793,59.579369462912034,105.52916469979841
2020-08-21,296.7380199432373,201.30454380935407,41.51111866862642,111.67830874224234,99.91469356635197
2020-08-22,292.7920672098796,186.4820290592664,39.13449184830764,138.68452784127336,86.28093633976874
2020-08-23,291.0137577056885,168.69864237570255,34.312966379489886,113.26117287407288,83.22132856423038
2020-08-24,290.02284812927246,174.73351164414444,30.49279967417652,66.55093552231672,98.07505376843108
2020-08-25,290.6878671646118,85.18948351926237,12.474664407230202,116.66042561699891,98.35306314309963
2020-08-26,291.1445639928182,140.32997872726992,19.16860327996164,156.04944133769413,98.36617673968395
2020-08-27,289.86820761362713,166.27445862147337,34.21840144218241,16.394315337850596,101.81998587832821
2020-08-28,289.89380836486816,174.94686021609232,34.461007455879745,93.525676983147,98.24800221438416
2020-08-29,288.2675024668376,169.7448179719504,27.920214138286894,78.24165594114977,89.83627525989186
2020-08-30,288.2727740605672,160.08699828995546,24.484517192044294,102.0810572170717,83.81737449612818
2020-08-31,287.8078079223633,136.391024822311,31.658618890139792,27.40644448495796,99.51271308475656
2020-09-01,287.56335226694745,161.31081626120795,37.76530299121245,10.130950857383867,101.79016216717939
2020-09-02,288.05710220336914,185.04795419582237,41.696513965767075,2.5163189279643015,102.93115439694492
2020-09-03,290.26538467407227,81.27449493389075,11.690906500731918,108.6937366989594,102.36652812400553
2020-09-04,291.86047649383545,138.4361169196442,17.37605512034692,56.14836324759497,102.60455089105761
2020-09-05,288.83602301279706,163.20291661335477,35.14110239390813,44.958020225630726,89.72330672536333
2020-09-06,287.5330692927043,165.49098892199495,36.57181822090878,13.330966663688528,86.1891986448499
2020-09-07,288.40631135304767,178.2881646550571,41.9899784741116,30.58130703751819,98.93529894186906
2020-09-08,290.62575848897296,116.28753651701845,15.87489478114478,55.761047158125045,102.56562712156564
2020-09-09,292.0585759480794,134.51529893286838,19.095919202343346,53.396075357940845,104.18215995279515
2020-09-10,290.0673020680745,182.2425372772074,43.55885512764383,7.703366320316426,102.50952099024084
2020-09-11,290.0067876180013,194.63984445677124,43.97415199466283,16.652875137638603,101.25434072345394
2020-09-12,289.45183849334717,183.4493211552104,43.308186678445985,38.71501408783436,88.92364670626921
2020-09-13,290.54852231343585,199.76999840282465,46.263004951928245,39.91612597232418,84.6708459080301
2020-09-14,294.04719829559326,202.0964173078537,46.675312203563,11.758743673453615,100.9545459849369
2020-09-15,296.76481278737384,190.6978496412436,46.65751783834216,12.011709946361199,104.40632074095679
2020-09-16,294.5345818201701,177.97349129120508,36.90274455077087,64.56988011556813,104.12172808157423
2020-09-17,289.91445541381836,197.54671769837537,48.68220713325203,110.70872612654382,99.41563302217037
2020-09-18,290.31958262125653,195.32308290402094,48.361012733110265,109.60885608837525,98.51523330592981
2020-09-19,292.45773124694824,167.57588662455478,41.93439653240349,90.55371945187642,89.50027865439695
2020-09-20,291.8631874720256,175.1558379481236,45.98345791789634,60.081313426444666,85.03852027421236
2020-09-21,289.7110366821289,187.99017518262067,46.987996255120855,12.815903486764151,99.11775094144484
2020-09-22,289.6715981165568,177.33860116269594,42.58020000934447,12.924200820760731,101.66427163997027
2020-09-23,290.4672094980876,136.5780355979999,29.123064363969945,104.66238699146157,101.24106933541951
2020-09-24,287.3589283625285,113.50679148733616,27.119712019576564,133.96763802495855,98.52562725416357
2020-09-25,283.762921333313,96.40962630044669,20.033238408335162,114.8358216944198,100.43797735228596
2020-09-26,284.33226839701337,87.29864379166004,17.104009001261332,142.3953425933528,91.91801222552247
2020-09-27,286.850435256958,98.50151850514037,20.355125037787577,103.57752715746501,87.24932162936244
2020-09-28,286.5282932917277,34.46779204136207,4.38372534686389,56.12853752332955,104.92812692266888
2020-09-29,287.6047643025716,73.12037135629483,20.008399591894175,27.12411409641508,104.72546634666385
2020-09-30,288.37994893391925,91.91633805979427,16.5219255897468,67.59930546048422,104.35764095152224
2020-10-01,286.78068860371906,47.56719471961636,7.937264153401924,94.19358023001196,104.35202921130787
2020-10-02,285.7187623977661,43.67306951840373,7.691319151264977,114.63719768286377,103.84742229765565
2020-10-03,285.4838110605876,51.33151268803825,11.396741212433938,58.031645843146606,93.06075932162933
2020-10-04,284.5976966222127,96.9797427430749,20.76626852894268,138.08346559526765,85.84591770976984
2020-10-05,284.93000443776447,66.64584698108956,13.411657858252289,134.59357058107852,100.21176527527308
2020-10-06,285.66618315378827,79.0687603916352,16.476034858387802,167.98115251720728,104.16861355680486
2020-10-07,285.44804191589355,100.41644100511137,18.50956025685128,137.27392099676516,104.38182249124854
2020-10-08,287.27982870737713,44.962889786077845,7.815757549697179,142.7743862969447,104.95620365704889
2020-10-09,285.7468372980754,80.96228288388059,21.762345787597337,55.05261095842403,102.29279217937835
2020-10-10,283.1723845799764,104.01529358885439,25.863437978859803,123.40574091592818,90.57269922828046
2020-10-11,282.73155466715497,97.26816358776394,21.24915955217813,91.38735695860788,88.64435471252784
2020-10-12,283.03484026590985,92.03225257038714,19.524132660680213,41.97015325623259,100.59653296382731
2020-10-13,282.71472962697345,48.37362245718638,10.158505853165297,103.13152204858743,103.75937128725997
2020-10-14,282.13627529144287,76.28793879350026,14.426832502006647,106.94366295061685,103.84313375145852
2020-10-15,282.1504929860433,66.15472041567166,17.86232585139319,76.0646059234866,105.54182408242279
2020-10-16,281.89546489715576,88.22401479880016,24.126634638438052,26.450281300415693,104.5483195210565
2020-10-17,281.595378557841,64.38569857676823,23.443974380023146,1.459521453033031,95.72143988013154
2020-10-18,282.3124230702718,73.3792612651984,17.12632321668699,5.470032576149879,91.45612509281851
2020-10-19,282.91063181559247,99.25160495440166,24.510088957167138,51.225548505920806,102.17386138220009
2020-10-20,285.55907408396405,41.71060382078091,6.333979631193256,146.01807800715716,106.944228280471
2020-10-21,288.6204414367676,68.01513246695201,12.458260951154223,162.20720135042131,104.02300247957992
2020-10-22,287.66346581776935,74.62245557333033,16.085780404665858,129.60517227175214,104.73370193327679
2020-10-23,286.3712043762207,65.27062974994381,17.33448064233668,70.077117795343,103.80062924313143
2020-10-24,286.6745204925537,48.436549765368305,8.75914394199998,150.2554072056097,92.42116294950675
2020-10-25,285.427373046875,26.91529546111822,7.8843387434718695,0.0,91.80849152434502
2020-10-26,282.98283863067627,81.66451557849844,16.441708428453783,131.02540497881935,104.35677873395565
2020-10-27,282.95553970336914,41.89259591155375,9.477637247083841,138.5309682185453,108.20654410204732
2020-10-28,284.16149520874023,69.94091651379131,13.725644929689052,164.88005618722676,107.88117362363424
2020-10-29,284.15236314137775,31.14535040811946,5.716508210830828,153.21449777844032,109.02866686114356
2020-10-30,287.04659430185956,32.25661081209546,6.332676611314383,156.83500534093437,106.50699380768005
2020-10-31,286.6179367701213,91.04669040382335,20.686377122619387,135.37536969951034,94.15178012623313
2020-11-01,287.73898633321124,22.18154439585184,2.900725847223525,150.82849165215143,90.37421223613025
2020-11-02,288.7537651062012,35.44963194513419,6.235968104679408,183.30919848436278,99.2126162883208
2020-11-03,282.1173143386841,70.1024644070803,17.070171203781882,128.2970088152504,105.65649451044872
2020-11-04,279.8145538965861,81.99690346197652,21.78156533081069,15.319820433267646,110.32360042961706
2020-11-05,278.8054545720418,74.52156445316602,20.277351038767446,2.781176186195544,111.61360076111163
2020-11-06,279.7925853729248,72.93120498798696,23.409770108202768,49.790341707709125,107.63249993370107
2020-11-07,283.22898228963214,78.2808319524044,23.212729070894714,28.529146341600125,98.6588674817015
2020-11-08,284.90592161814374,66.83798177518236,14.047660167778666,59.36029211492032,94.8046670467805
2020-11-09,285.05248673756915,72.64353272732099,15.650083132668277,26.035227515581926,106.38516415614724
2020-11-10,284.25717226664227,44.12981988879377,7.585733821705186,7.595244326728431,109.40887888511726
2020-11-11,283.5717770258586,35.175694726566995,10.250743779609444,52.272018557458296,96.7193175188289
2020-11-12,283.67676703135174,59.92046405154921,15.55154225432863,121.65725161199443,105.15614571178533
2020-11-13,283.6647539138794,30.04705457759972,4.808387669262284,95.71323470071714,109.49430379495071
2020-11-14,285.5264819463094,51.121485799094415,12.269560934421618,125.7253589858838,94.94307945263604
2020-11-15,285.8172337214152,33.17144529850733,5.314977366544704,182.6295907469387,91.20114763445423
2020-11-16,283.4761912027995,28.97664212375277,5.288346897770272,152.35541110996536,106.8458171342951
2020-11-17,284.42412122090656,36.43338245694872,5.029819609927969,138.2645986938903,109.3286678556275
2020-11-18,284.6084731419881,64.44069561200128,19.730652760838517,149.73128482629167,104.02938514373609
2020-11-19,281.9537099202474,40.08301426966985,6.704933102959419,153.7041929144398,109.39230402036708
2020-11-20,278.30446338653564,52.46849264701208,14.104009327016293,61.424842898414255,111.07657108571124
2020-11-21,280.4414650599162,36.372181644042335,5.772948134596741,153.98932115355987,100.71637557017077
2020-11-22,281.44286219278973,22.73105250795682,1.5295417409388008,60.72414401822144,99.59430704359816
2020-11-23,280.77668380737305,39.874788989120134,12.324857840531221,23.01336880770751,111.35137954810646
2020-11-24,280.82054805755615,46.16843278706074,10.930422973282882,88.70727379608623,110.71833602948975
2020-11-25,280.15106614430744,44.25320556263129,11.720175177992518,100.16554295393514,113.49472618542478
2020-11-26,280.2103633880615,40.66248587767283,7.37285294899459,7.285665112886513,114.07827052614833
2020-11-27,279.1990276972453,28.707105790575344,8.577421938911442,11.149567888127828,113.1832447358651
2020-11-28,278.7579568227132,52.98663577577145,16.56736840802244,34.1296055536364,103.19182925373927
2020-11-29,274.92569637298584,45.52160526563724,11.827185685544821,23.89926552991716,104.18669194865807
2020-11-30,275.8517138163249,27.25938451786836,5.411808031293325,73.05871222539314,116.7008128911637
2020-12-01,280.3252201080322,20.408047216633957,3.4332537839697275,160.18898809196386,113.0077389413387
2020-12-02,278.7542721430461,19.05726310238242,3.6671051328559066,21.268574906358815,116.97615784448925
2020-12-03,278.56409486134845,12.595025387903055,2.2069899198382177,105.5485424739026,115.55777049962872
2020-12-04,278.2465658187866,38.67812903101245,10.033253067308797,172.8445425901518,114.75768444361938
2020-12-05,275.84175332387287,37.36581957216064,10.780494248470255,71.13419831801555,108.73200540999255
2020-12-06,274.7078898747762,35.16595848898093,7.959374771971519,28.560313770445408,107.08403939482334
2020-12-07,275.7027584711711,23.2557001983126,4.2997083581670585,21.02465649613591,118.83732152328422
2020-12-08,274.4725144704183,31.82946974163254,5.898730272279033,7.176778797740148,122.18944196191791
2020-12-09,274.79493554433185,21.851091871658962,6.011366503582525,63.48520828428493,122.71596047257874
2020-12-10,275.92959213256836,35.044248298121,8.382164003294037,68.2116582193393,120.7223928609314
2020-12-11,277.6866044998169,8.669975630783787,1.3076211678185363,109.72284831519183,121.31776479792093
2020-12-12,280.0817543665568,19.02765103057027,2.2027958246030996,53.09061340028119,109.63675566192849
2020-12-13,279.10120519002277,27.5157821153601,5.1637456218532085,106.64108425581009,102.6510216001909
2020-12-14,282.07614580790204,30.6320569885429,4.476606232604685,149.51613518364093,114.27237993264032
2020-12-15,281.838449160258,18.855153504836682,2.900400092253808,98.24364763551849,115.79273774795799
2020-12-16,281.14385986328125,34.4047498885775,0.0,126.12360959229132,114.52610520313995
2020-12-17,281.6795457204183,37.356178818270564,7.951882407668013,120.71275103615903,113.20852405325132
2020-12-18,280.9584658940633,43.28143645512561,10.645509532893435,157.37999276100535,107.95264638803438
2020-12-19,282.32078075408936,20.836223721077356,4.492201751779925,163.54440902263306,101.19023118436411
2020-12-20,281.22391668955487,30.2920805431786,6.126840189823937,136.95548018297714,97.18508293995971
2020-12-21,281.5068836212158,8.026023789173147,2.953294555461737,163.76459969349787,107.27656299724201
2020-12-22,285.03361384073895,18.509730046314264,4.670837633298934,99.19580554534856,106.44890513949288
2020-12-23,283.99541568756104,10.493555802260138,1.9479739995413363,126.76036588607731,103.82676288851172
2020-12-24,278.68830331166583,17.20826826741298,4.6929075324973155,151.69754358433082,99.14801759573561
2020-12-25,276.0221815109253,36.75437871500617,9.404627414495835,116.2731260200721,91.99375662989284
2020-12-26,276.79388364156085,28.737825123787236,4.254441343257134,142.18298505476184,95.20823558661296
2020-12-27,278.13731988271076,6.678997277451951,1.3781878381336587,140.02540657477724,94.47348308051347
2020-12-28,276.16006151835126,19.93467456504004,4.043583513226426,54.40400291989505,104.00286040097598
2020-12-29,275.686203956604,27.310293687260128,5.086541694030085,39.28277223569829,105.02171077755385
2020-12-30,276.30602645874023,32.052291722827555,5.166881013436742,58.553113820241805,104.63335784183725
2020-12-31,275.52887503306073,26.050574643168755,3.2226939154183736,18.626429439021905,103.93359446271347
2021-01-01,274.96089871724445,31.883954880516587,7.293831517076318,25.327025211079544,94.30743124801099
2021-01-02,274.6069580713908,31.792287876814953,5.486650235585994,16.562093666079328,102.2171571019412
2021-01-03,274.9778639475505,28.499172353743536,3.2917128536050018,73.50422841514965,102.17733392118384
2021-01-04,275.1036955515544,16.656832549171213,1.8820833718224492,147.65503958432797,118.63346624058549
2021-01-05,275.05052185058594,16.16664946596732,2.4059820882654384,114.06801739912038,122.45178602683785
2021-01-06,275.06598313649494,19.41582062139302,2.99287236569498,50.605382903038695,122.85242189986208
2021-01-07,274.90027300516766,19.921590109261917,2.148483033997986,84.44951388011692,122.52090657154984
2021-01-08,274.7524054845174,27.62236237387947,2.9350012316516896,48.52729823536006,120.5382863052933
2021-01-09,273.3402490615845,37.360676164079145,6.821611473275357,5.513468475267423,112.54064919910898
2021-01-10,273.7878993352254,28.855179868730676,6.097672453230228,23.85700855094278,108.84624078444892
2021-01-11,275.97918065388996,22.599118164750205,4.049570406489045,132.48557068550986,123.05683396096316
2021-01-12,278.6780023574829,20.366499803276383,3.6614489172462026,131.71262187341438,120.09199122202186
2021-01-13,276.27928797403973,35.99421020237787,9.27845417815842,56.27642285560953,122.8181935530922
2021-01-14,275.0104986826579,14.19334325210851,3.047272606306937,94.89859582415404,127.00085717884804
2021-01-15,272.8938802083333,38.586068824244045,7.288944936371995,34.91241340760994,126.68544221385382
2021-01-16,272.23126792907715,20.949497643314924,4.009637949387913,104.04648370846299,115.94457257080724
2021-01-17,276.35994307200116,31.6681054246384,5.652504596700052,107.41229788567203,108.03227809748593
2021-01-18,276.92874336242676,39.09278886956694,7.919396958386603,121.0609082058221,120.47336301315369
2021-01-19,279.2186934153239,12.746537911567126,1.5537918376683075,194.88192988897757,120.02112370054103
2021-01-20,281.29373772939044,33.096741333332226,5.87265630154053,196.14195531986115,118.71678012623322
2021-01-21,280.99714946746826,47.026324352031224,9.446151516332089,169.5419474875629,118.3281623262968
2021-01-22,277.19393730163574,47.707574302747766,8.41297356077862,88.17241461902915,118.18767608995438
2021-01-23,275.88879267374676,27.972779629189365,5.916699548501891,63.44587489446917,110.79394631112763
2021-01-24,274.3353147506714,47.13156393923176,11.546492993455791,80.64014452463478,108.6714360347937
2021-01-25,274.6330582300822,51.21125018162032,12.835594497549254,97.49215253677256,120.77498813249179
2021-01-26,275.62755489349365,52.78937494273608,12.097425396528882,118.01354318540098,120.04488596584277
2021-01-27,277.5057512919108,23.15672782373925,3.6236563379580224,85.06019674233484,121.9031305028111
2021-01-28,281.1680205663045,14.230813255533576,1.6623656268031597,95.2061562577386,118.31115128089529
2021-01-29,281.4409917195638,40.82634463874274,4.103005179048178,169.69067640726237,116.51621267370318
2021-01-30,276.8588711420695,17.10504736502965,2.593032480995451,136.87978657790302,113.77868204359817
2021-01-31,274.9320882161458,50.80173136790594,13.138617819190182,127.7993831306927,110.3849193142039
2021-02-01,277.2050447463989,23.945419690261286,3.7400923518886304,25.63355419878977,122.84067883473006
2021-02-02,280.4791952768962,30.166595734655857,4.640790063634993,112.21456491672785,121.31275153813515
2021-02-03,281.9118181864421,29.850416560967762,4.760691149774147,118.062879750494,119.41330201813939
2021-02-04,279.8917417526245,53.07643599808216,13.950235376423523,67.94861004361111,118.953865161239
2021-02-05,280.2715473175049,61.333926106492676,8.813207873078868,28.90371710345555,115.64887026625661
2021-02-06,278.6787633895874,39.66894749800364,2.9275356653387963,97.81545785224466,107.39987926965097
2021-02-07,272.7344687779744,19.297872285048168,2.7209648892112868,158.96574680873988,113.30786729606449
2021-02-08,269.37717405955,41.60330512126287,4.207188688250201,142.5411643915536,128.04576005091758
2021-02-09,268.5956853230794,75.66201424598694,9.941866647819234,131.09352575809157,126.11375251935925
2021-02-10,268.393931388855,92.6010330915451,11.49856042301178,79.12181716989632,126.33036298663409
2021-02-11,269.2044105529785,102.91592993195103,19.93076015402487,48.62201284354173,124.74137039885431
2021-02-12,268.3890155156453,102.95946975039926,22.921949004655406,154.43314433230643,121.73585015116157
2021-02-13,269.1387882232666,107.72050027368005,21.554384624439127,153.20708413529644,113.13924684417104
2021-02-14,272.68973382314044,89.36769259425621,17.539541523198547,154.527641500547,108.65372394452102
2021-02-15,277.29204114278156,32.07023438114138,4.136495305350502,165.18299031792353,119.91197597326824
2021-02-16,280.6130361557007,85.67461754705407,16.254242295175807,157.51100112292679,115.48481900392487
2021-02-17,281.2900861104329,54.979652667653376,10.322579556387327,164.6561333406839,114.7909344833987
2021-02-18,280.988169670105,51.08424641082335,8.172914252152188,169.0615557531174,116.71875490612068
2021-02-19,280.34213670094806,90.97487467928272,15.759308796251903,139.77952102909617,112.59086970934551
2021-02-20,284.69181124369305,112.46888543046141,23.47914577936788,167.36268076730116,100.28794473321308
2021-02-21,284.1069342295329,119.47282274525787,24.084876742997864,122.6487215601938,94.7008290018033
2021-02-22,284.58875274658203,94.0093608891184,18.723420606814496,108.61404941234572,107.01473738994382
2021-02-23,285.6910711924235,110.1556644399703,18.67452426070062,130.4386747109186,106.47062400551607
2021-02-24,285.98495356241864,119.55631433863073,27.144643083602816,135.1284026340073,104.89210651585874
2021-02-25,284.01817258199054,101.25752622582513,22.22185946251041,53.71604524784672,105.53090942240375
2021-02-26,280.064634958903,106.69595354553651,27.845607926351956,18.893060985235316,106.7937132703935
2021-02-27,277.2714560826619,102.0099211729151,24.369020050616765,7.776377092865011,103.42389088522327
2021-02-28,278.3873116175334,130.9312498086753,29.34486908770687,50.81195084706573,96.59443009440965
2021-03-01,278.72055594126385,137.04908089324212,31.387940391661548,64.74369584741898,109.24721140076376
2021-03-02,280.6817560195923,144.09419566998258,37.91184695250204,17.88899024191989,110.51323194017185
2021-03-03,281.5783061981201,136.9771255090212,27.358532933578086,7.087086904254707,109.19926308740848
2021-03-04,278.93542798360187,53.09994055082401,6.695141807781546,33.10370337463221,115.13797649039991
2021-03-05,275.99461523691815,135.41118066137037,32.70547386692866,75.13767628023287,110.02030948339872
2021-03-06,274.8132680257161,150.0683389020463,40.08611573465816,18.862758778061576,101.97438030391426
2021-03-07,274.76227347056073,136.18231654167175,32.07941700468911,5.429163107342095,97.91722850588734
2021-03-08,276.3184286753337,117.20611513902743,24.29855411159045,9.424889643096982,108.85316670202606
2021-03-09,277.728422164917,72.63215114672978,11.570192630277125,47.21772995020873,112.34237747957992
2021-03-10,278.5049816767375,66.08157131075859,14.341207183661416,141.91974891685922,111.33439780683148
2021-03-11,281.87262598673504,114.42353323598702,25.797194790348456,191.47084917634194,109.21365028641134
2021-03-12,279.5035409927368,85.16392817099889,14.759781601269841,190.77935113602223,108.82210996340301
2021-03-13,279.6735741297404,118.05544265111287,25.08879364723732,199.22195863297668,101.53241096053887
2021-03-14,278.5597556432088,115.1155014645306,23.69147852012779,157.1048177376041,97.88082714543329
2021-03-15,279.3685220082601,134.76201808585333,26.81323522563643,149.68805285498863,106.4126255038719
2021-03-16,278.0051860809326,39.014124521966245,11.012415879146891,60.93986284735976,113.94282798079985
2021-03-17,278.19511763254803,83.7945908328984,16.58115707628623,120.37518068701563,112.49786066617163
2021-03-18,277.107216835022,68.49370225255068,18.679068299401873,49.65821451968924,113.94846113556804
2021-03-19,277.3290163675944,166.2673876512175,42.56030951815285,86.36857747088489,108.7045643497401
2021-03-20,276.82181485493976,161.016500732551,43.06804848088961,14.988123987956458,99.17212136681867
2021-03-21,278.9489908218384,115.40499636126287,27.183666615492296,85.17423562835728,96.18150902991408
2021-03-22,277.9540545145671,88.72693607073354,19.02651098483449,10.671127151562642,110.90260263074151
2021-03-23,279.552007039388,153.35641124436128,32.48684050788284,66.29743246025511,108.78153163784877
2021-03-24,280.6473929087321,188.75478395210848,39.125170298028685,58.94117721047439,106.81495087249391
2021-03-25,280.77008692423504,109.7447767361482,28.22275384632077,76.20715741813198,106.8727363556805
2021-03-26,281.94888909657794,153.7424847461322,0.0,151.82467346988287,104.38126458576424
2021-03-27,279.42791589101154,145.97942191385664,37.66824241534879,157.94140954783919,96.46655364909299
2021-03-28,282.17658565355384,170.59816973049033,38.29260500916024,161.59360909600932,91.3515033829749
2021-03-29,284.19822883605957,213.96781905026486,51.92184867299893,125.68460686680247,94.06889791290972
2021-03-30,285.36968835194904,216.30142796846727,51.531963644260905,14.63797050338526,100.28401121777871
2021-03-31,286.93196233113605,218.23863283234337,52.541247316083684,14.871257706231122,102.58940742017609
2021-04-01,285.49993292490643,213.5572061331715,50.81187860547834,87.18491868413192,102.7874999337011
2021-04-02,279.5205488204956,168.01651304475976,48.517248668617725,110.3384405326205,103.71807501060783
2021-04-03,279.80734666188556,157.67500634502116,38.146690197365466,109.0914313416963,96.03340033945052
2021-04-04,278.7985480626424,151.18295067897998,35.00378807444438,40.78300187659963,92.47022707383047
2021-04-05,277.1766074498494,122.4030998647213,28.738653082473792,175.06765689883116,95.345526546091
2021-04-06,275.33520221710205,183.99402822686048,31.42503937733876,169.79992549809893,112.95539500901658
2021-04-07,275.8009796142578,146.18198871146888,29.411048447759203,147.67477040793452,115.93391826668078
2021-04-08,277.89615535736084,159.76590195515504,34.31909011397773,57.48835272003493,109.54811406067682
2021-04-09,280.45787080128986,169.88649875212792,36.5649200978724,56.87036281270624,108.00122135886284
2021-04-10,280.2448212305705,50.503102302657375,9.711846396451602,79.5827796554119,93.69187102206428
2021-04-11,277.8712600072225,126.24984849496468,17.00942496440278,111.00604916297861,94.81706043810333
2021-04-12,276.33276144663495,211.19076454521078,42.90356306837818,28.641959312065186,109.33844641720584
2021-04-13,277.1704797744751,226.03863287173832,50.93416262175913,8.133542674882047,110.44966565450297
2021-04-14,277.3869400024414,208.06045633507892,44.71895974663675,35.17219060072568,110.82023436671267
2021-04-15,277.5640455881755,216.28505213496587,40.98689734116236,53.63823831194313,110.89298862310382
2021-04-16,278.5175498326619,176.27367527981446,40.901076340074646,62.873597895256665,108.5555709000742
2021-04-17,279.93967787424725,222.83643182681044,49.90785816536414,58.96896162177931,94.4103653733956
2021-04-18,280.99143664042157,220.21824226809258,46.87596014342881,20.915571423201843,90.93514055372863
2021-04-19,281.57415040334064,196.63419661705848,35.94902546504159,8.967475592480637,105.23507524928397
2021-04-20,282.64377848307294,216.91480085300282,46.91136340200176,4.639089281933402,105.97553304338591
2021-04-21,282.8278175989787,227.00721292197704,45.84400291578291,78.09636241579959,104.04660244510451
2021-04-22,280.1699279149373,258.35093071001273,57.75286403432177,54.57095607784476,104.13930604911427
2021-04-23,280.734811147054,279.6632584997763,63.39286575609402,34.22995211774369,103.35301434708809
2021-04-24,281.61255804697674,266.533302926148,58.77702411770224,73.68966052926866,93.60924127506094
2021-04-25,280.5007155736287,250.40329172361317,58.23215716463165,112.98660616684701,90.86824486846295
2021-04-26,281.0028368631999,287.22294509412,64.97539732069302,89.79747996155767,102.39831183038082
2021-04-27,282.49441623687744,282.3088265037342,61.23100412487266,37.30864597924223,103.5214567200594
2021-04-28,283.623610496521,205.1750817429047,53.541934929768615,79.8546292646778,103.70535814681233
2021-04-29,281.44200166066486,190.51134660775583,32.49613245547091,111.96865454497801,107.27551255701711
2021-04-30,280.17352708180744,188.0083627450828,45.38834234027775,11.07103142459497,105.02468965471517
2021-05-01,280.3470395406087,226.54671218390772,54.86242299782563,16.868366856602545,91.2719881059722
2021-05-02,280.0958013534546,246.6743356474908,53.06814066225732,19.823215963096988,90.86037896467595
2021-05-03,281.73897647857666,184.85284145285064,41.82943559947291,114.05075508823326,102.13233179961809
2021-05-04,283.11369132995605,185.13749553837502,33.3293151889094,197.96810655685695,106.26987496022063
2021-05-05,280.4950230916341,237.8263750096272,45.63933537496874,115.97713506310164,108.24456733319188
2021-05-06,280.13138167063397,163.7925145727555,29.860360127467676,27.71925796554808,108.36844489233054
2021-05-07,280.75585079193115,255.32239432855886,54.460005610612505,52.89462558699773,104.70004163572715
2021-05-08,283.3441333770752,91.60172207148973,22.886353603564345,113.13173379251742,95.68638425533045
2021-05-09,290.5496025085449,229.35887007303336,47.978646482773335,104.49338836577202,87.44475422987165
2021-05-10,288.65460173288983,196.07684395863666,37.42848897714027,121.25892393461076,101.08079492415402
2021-05-11,285.9103759129842,168.2850413831111,35.80884297473545,21.825265972304123,104.81382843163254
2021-05-12,284.6766821543376,249.1644887898874,51.05452507874315,43.883188743436904,103.25572126604432
2021-05-13,284.54231039683026,216.9899823659216,40.620575882751844,34.82506428612319,91.13170812559672
2021-05-14,283.8012539545695,225.61683206562884,45.058416388987126,14.843433720377691,93.89623912697569
2021-05-15,283.01425234476727,140.0644358553303,26.328257247059614,54.02068880378326,92.76571410576004
2021-05-16,284.2600819269816,218.33490559560315,41.97126970543527,99.6416266311623,88.32103777712956
2021-05-17,284.11945660909015,185.86942730611625,31.6840949626915,75.65023318698478,100.69710810703299
2021-05-18,284.073060353597,232.05780360676076,41.95990030429957,61.01748911006697,102.95779184788371
2021-05-19,283.31746164957684,197.18303970385992,35.59899242972657,38.72375752001947,104.08999058555213
2021-05-20,284.20921929677326,195.64294392681163,38.706885972465315,69.6699027837262,103.04783441179593
2021-05-21,285.55156294504803,234.66145516297547,52.7424036040963,194.2237222173945,101.3862690277925
2021-05-22,283.62501462300617,150.14784260117935,18.33139102582911,136.18918099117016,94.85479626339242
2021-05-23,284.0933895111084,210.50031573112938,48.10003192897418,102.67118669579848,87.53908195873554
2021-05-24,284.6956361134847,155.15891753794858,28.681332991296056,119.71737597786978,88.93177409303065
2021-05-25,283.2322254180908,191.55966421581493,34.447575439867244,138.63379617272992,101.71497454121145
2021-05-26,283.7917830149333,214.79846962580146,38.995027197327865,82.4017039572734,103.1402844224037
2021-05-27,284.5531469980876,230.33924548195986,44.883600368216754,42.52434480224669,103.32214808528694
2021-05-28,284.91410795847577,270.90438989307705,56.72131632211094,11.79721913593657,102.0248127055267
2021-05-29,286.8211501439412,282.707126864853,63.36258066559929,50.94048628309826,89.7875605309218
2021-05-30,287.3597237269084,321.2275859825313,68.24969884992811,53.04059913942632,84.9833856873873
2021-05-31,289.23001448313397,313.9912861157791,66.01750319951826,61.06111630089871,98.43363145751563
2021-06-01,290.6976782480876,337.22200957572204,71.47854359711482,68.22208566701359,100.81869205473642
2021-06-02,292.47366523742676,303.97278130085516,66.4600914987558,56.56337222053253,104.5345927919805
2021-06-03,292.31817563374835,216.29057751099268,36.83937492985926,26.5877312472801,105.47728399809058
2021-06-04,291.7925109863281,252.8671100207915,43.913786110569156,28.85694863420653,103.16146454333297
2021-06-05,288.37135283152264,132.48879548964484,23.77957589598402,83.95430823062385,93.56479367773419
2021-06-06,288.63763427734375,302.446975369143,60.166530248606755,16.27175680517365,85.8616731860613
2021-06-07,289.50141429901123,291.3860976344352,63.51100869656219,10.145991656338818,97.05108982178848
2021-06-08,290.8311602274577,270.3942754605205,62.48115436195082,6.816666399418469,100.04287657791451
2021-06-09,291.4202143351237,311.6038028596783,66.63231499239957,17.84163522620922,100.15753460804075
2021-06-10,288.28625149197046,0.0,0.0,50.7221563584726,89.30485131360277
